transitions,pool_rate
1102,58.3
2227,58.3
3348,58.3
4429,58.3
5631,58.3
6786,66.7
7933,50.0
9041,66.7
10148,66.7
11244,66.7
12394,58.3
13588,58.3
14698,66.7
15837,58.3
16986,58.3
18026,66.7
19199,58.3
20380,58.3
21490,58.3
22619,66.7
23700,58.3
24797,66.7
25989,50.0
27080,66.7
28218,50.0
29327,58.3
30412,58.3
31462,58.3
32677,50.0
33830,50.0
34910,33.3
36082,66.7
37160,58.3
38223,50.0
39341,66.7
40490,66.7
41586,66.7
42734,66.7
43841,58.3
44898,66.7
46046,58.3
47221,66.7
48327,58.3
49441,66.7
50025,58.3
